DataNumber,FaultType,FaultSize,Load,RPM,SamplingFreq,BA_Mean,BA_Std,BA_Min,BA_Max,BA_RMS,BA_Kurtosis,BA_Skewness,DE_Mean,DE_Std,DE_Min,DE_Max,DE_RMS,DE_Kurtosis,DE_Skewness,FE_Mean,FE_Std,FE_Min,FE_Max,FE_RMS,FE_Kurtosis,FE_Skewness
X118,B,0007,0,1796.0,12000.0,-5.6627685964878506e-06,0.03529596914804834,-0.15994473402601492,0.15567734312532044,0.03529578576865725,3.1241080808854287,0.030537497604992796,0.00014380119575195966,0.1377909045166624,-0.6196271283792647,0.5794689993652463,0.13779026189102755,2.9588953114387,-0.006780700305074662,-9.97711177973709e-06,0.1053046228181408,-0.4190059387026888,0.40486678857003844,0.10530407482777973,2.762804176314487,0.007305055798870176
X119,B,0007,1,1772.0,12000.0,1.7030363959748774e-05,0.034857063795506765,-0.13853958864939336,0.14078836387286184,0.03485688640817125,3.0096860804700585,0.027763050994407703,-7.311727591620766e-05,0.13885082361007967,-0.6635408970738204,0.6357777057205909,0.1388501196782883,2.971107115714355,0.0076984557353398375,0.0005019912133052192,0.0817556785083931,-0.3444506155101796,0.3516293844898204,0.08175679383782149,2.896183056555578,-0.011971321040959064
X120,B,0007,2,1748.0,12000.0,0.00010963489847592463,0.037078504002206934,-0.15999137634039648,0.1564756859741436,0.03707847297096085,3.143466646103085,0.04325645484722828,-5.4912400660713806e-05,0.14750685125454308,-0.5594425181799354,0.6000194379078888,0.14750609320886932,2.8494058344703164,0.03386057327259105,0.000390857117386102,0.08542154526540381,-0.35059695547731085,0.3534957717954164,0.08542199456850398,2.9200360813980466,-0.005384697362693324
X121,B,0007,3,1722.0,12000.0,-4.130770745148976e-05,0.045149442550952046,-0.18910930059320818,0.2028431029676227,0.04514922629351898,2.97868456316894,0.10155298225998306,-4.2475635428496044e-05,0.15410831744727477,-0.7247619405123412,0.6673071213639062,0.15410752065133698,2.9013212441436838,0.018634007414601562,0.00011566562903168317,0.12130511470772347,-0.4692030439543017,0.44363150150024383,0.12130453805304217,2.7152489182102695,-0.1079255110779722
X185,B,0014,0,1796.0,12000.0,0.00013056485584931905,0.046187298460427066,-0.30062069552990733,0.34929360714071583,0.046187242445589916,3.8070897188383745,0.043624028755350264,-5.653457471857278e-05,0.1475159682706877,-1.9682036960725562,2.2734648468416156,0.14751521078966973,20.807148125632676,0.27431520051815367,0.00010978330723761309,0.08370008960796033,-0.5178838496283684,0.6053361503716315,0.08369972566658378,3.6792305504601583,0.008182327462421857
X186,B,0014,1,1772.0,12000.0,3.424180366333902e-05,0.04613186589475864,-0.1707056968016779,0.1711109204090046,0.04613163833221007,2.740874218794393,0.04521983637741672,-2.049906939338947e-05,0.1413064983008241,-1.3083916945538412,1.335240041973105,0.14130576381445076,9.077483910469308,0.017143662544030606,0.0001303022544726763,0.06742105133607802,-0.3400430465144667,0.32172604439462416,0.06742082609964611,3.1715699440597724,0.0070179611403384185
X187,B,0014,2,1749.0,12000.0,-6.150571397259317e-05,0.0479222224453046,-0.2643816260366729,0.3070295312333568,0.0479220123196496,3.5505957701612054,0.1259616381070058,-4.450871810110649e-05,0.14755710416253784,-1.3903134120335534,1.8345112187049695,0.14755634234673057,9.955898114182123,0.15355690033445651,-0.00020186917518738045,0.07899215134467286,-0.46388327627746007,0.4362130873589035,0.07899199787145444,3.4134582821156307,-0.04013789897330428
X188,B,0014,3,1724.0,12000.0,0.0001249342468803073,0.05151948907426256,-0.24607255162849062,0.3235681605376815,0.051519372225608755,3.396385204947981,0.322471491331493,1.2020254461359536e-05,0.13886293134553873,-1.7174139110666464,1.9846451308495212,0.13886220861947257,15.091088379386653,0.18842711866567774,-7.862712197878336e-05,0.12790333814414648,-0.6772196088265242,0.6152949366280213,0.1279026961468801,2.785715098894662,-0.11230748794915504
X222,B,0021,0,1796.0,12000.0,-4.1940464395454066e-05,0.042115299486937,-0.1779368399784904,0.17981378316691018,0.042115101019128756,2.9477364038199583,-0.02200733078947402,0.0007516507848186014,0.13847038043944468,-1.6392407790679757,1.6382128337064754,0.13847169930458111,9.026741461158128,0.02978566416470657,0.00017430336036929457,0.09464296150184741,-0.585232268192661,0.6078422772618844,0.09464262907588607,3.034100824251013,-0.0070726903135958745
X223,B,0021,1,1774.0,12000.0,-7.644459625525863e-05,0.0351788719607087,-0.18580229189224937,0.1468804380780771,0.03517877179531446,2.983899590126964,-0.009846132651665314,6.0232280247148135e-05,0.12340525200971869,-1.4178104926049824,1.4704485493111852,0.12340462397167605,8.942669622488623,0.002018256610414463,0.0001485793693023623,0.07852955511076042,-0.6216379505360006,0.5648620494639993,0.07852928665965808,3.5127413932961713,-0.0351118585117735
X224,B,0021,2,1754.0,12000.0,0.0001091660128692951,0.035842367859905425,-0.1745408471288221,0.14953108165456072,0.03584234742575352,3.0135400073371477,0.03923755720718435,7.586666886883429e-06,0.10739715484952693,-0.5353962979268423,0.6409589116539961,0.10739659575585589,3.300434680551274,0.0010659542667160174,-2.4069631826216258e-05,0.0769796996393645,-0.33166304417728076,0.3670878649136283,0.076979302465391,2.9635348187350252,-0.03881632568700471
X225,B,0021,3,1729.0,12000.0,-0.00015776131721966183,0.04300543998853672,-0.1608884977489704,0.18177310462491686,0.043005505367924066,2.942463698184205,0.09792250866733307,-3.839605664137958e-06,0.1179283647324192,-0.4976139527148624,0.5096462868060957,0.11792775058309352,3.10959326963881,0.024343835969797514,1.1746154934581902e-05,0.09304430764345344,-0.37622210054961086,0.37039971763220736,0.09304382377785886,2.9576443379180986,-0.049341776136724164
X048,B,0028,0,1797.0,12000.0,,,,,,,,0.003846002747498417,2.074496883084135,-9.288828902808751,10.735533897191248,2.0744896435386697,3.779831447643696,0.05380551102343499,,,,,,,
X049,B,0028,1,1772.0,12000.0,,,,,,,,0.0027797833466872745,2.024299618372793,-10.10114072268873,11.66475407731127,2.0242909837368193,3.885313229207982,0.04769377964882606,,,,,,,
X050,B,0028,2,1750.0,12000.0,,,,,,,,-0.0011089797048423368,2.143802614334657,-9.922082922427759,10.441634477572242,2.1437917355036107,3.7669384250693887,0.043259182056692276,,,,,,,
X051,B,0028,3,1730.0,12000.0,,,,,,,,0.0012763724603125325,2.14352266313892,-10.099497847141771,11.344945952858229,2.143511878942786,3.9074874863786637,0.04253698428498923,,,,,,,
X105,IR,0007,0,1797.0,12000.0,-3.4834997614479495e-05,0.09033707055104265,-0.3426430599605225,0.36593735546974465,0.09033660676066115,3.0667208682650644,0.10135401997758446,-0.00011440172994735739,0.29137496433874616,-1.3835838788045483,1.7255869395587253,0.29137346921558516,5.358215636468774,0.16916729436634595,2.9349676171735912e-05,0.2435013608495965,-1.1726755140170102,0.8983063041648081,0.24350009437883435,3.323211595394615,-0.20663357239170443
X106,IR,0007,1,1772.0,12000.0,-0.00011512687877206511,0.09585941736858428,-0.36721079008722907,0.3645865986368066,0.09585898723334212,3.101858269467869,0.01840121963120617,0.00010538706167513471,0.29228582661366953,-1.336632005720261,1.5730684733216551,0.2922843232870566,5.5570814304673775,0.13004965343533273,-0.0001913504974345443,0.23811784055261892,-1.185927003944404,0.9335420869646867,0.23811667723691943,3.3625035016017586,-0.14799840444139953
X107,IR,0007,2,1748.0,12000.0,2.7750146824944852e-05,0.09626552931768206,-0.36252801315807126,0.36653323313273006,0.0962650319331536,3.3217186617572354,-0.012900578704885559,4.5837695487301066e-05,0.2998535884718299,-1.3941844557305771,1.635068278800361,0.2998520302338749,5.5562726140289485,0.09029490462036598,-0.00010093203045263521,0.232352618686936,-0.9297687514812102,0.9232257939733352,0.23235143043602272,3.1204148186018883,0.02610396299191454
X108,IR,0007,3,1721.0,12000.0,9.61385377554127e-05,0.0967803876008955,-0.38692593083909926,0.36804819378998094,0.09677993128577332,3.2763409435258786,-0.13396874811265028,-6.996563824931118e-05,0.31307761314206356,-1.5113042254698361,1.5127505849094052,0.313075990343144,5.280620349483818,-0.012555040211466256,-7.365121940748571e-05,0.22488838841854125,-1.1155234116739527,0.8623874974169561,0.2248872291822956,3.225636432737808,-0.2089181760382269
X169,IR,0014,0,1796.0,12000.0,-6.35027692102798e-05,0.05668197034652622,-0.303724193770694,0.2907832246269322,0.056681710699508864,3.4224217968488273,0.027859212889222794,-0.0006124835980360001,0.19340710452473517,-2.0452177083818017,1.8998442876261823,0.19340706700572552,22.222028852230196,-0.07995442945922583,0.00045208856070834744,0.1156701780116855,-0.724506737177928,0.5941005355493446,0.11567045904029136,3.796023937378303,-0.016306080382198516
X170,IR,0014,1,1774.0,12000.0,-0.0001633599117111691,0.044572588215020394,-0.235469244385005,0.251483633953274,0.044572655425632345,3.1125221626491046,0.027894603231258475,5.5483820640026755e-05,0.16683005582034602,-1.7923334443160033,1.8959186115722202,0.16682919613790848,21.252374384830617,0.013058147817340115,0.0001436882539689911,0.0971618625453449,-0.6990292201930007,0.592458052534272,0.09716146274016267,3.832133171851256,0.006812553932371601
X171,IR,0014,2,1752.0,12000.0,-1.0128747280094246e-05,0.04481264558339672,-0.24374864702250268,0.22755188710212643,0.044812413328270656,3.171015388748688,0.04431808778335493,8.438378710391e-05,0.16245930528434438,-1.8841918113077063,1.8389837974747287,0.16245848105513752,22.158482431460435,0.03270397656752376,-9.25332091521173e-05,0.09239909407765583,-0.7131816484743035,0.5844692606166054,0.09239865916511006,4.3957786987135155,-0.024098327701221414
X172,IR,0014,3,1728.0,12000.0,4.9139728660225655e-05,0.06021945837952929,-0.2556355335873636,0.27952173644231004,0.060219164785075954,3.015543402705606,0.1315484400005446,6.846920022605785e-05,0.18187027618810728,-2.020619394224591,2.1239129411047504,0.18186934183307887,18.416618025472143,0.04678671011331052,-0.0003422117381510069,0.09699132795645843,-0.7239939613404236,0.6217333113868491,0.09699142650120324,4.513309290593242,0.004479980783952909
X209,IR,0021,0,1797.0,12000.0,8.712781278189125e-05,0.09288295066153805,-0.4237448780811351,0.4405542317111499,0.0928825077597491,3.8275038478065087,0.17991363099464067,-1.3947936931978081e-05,0.5268978901817023,-3.385892997122935,3.77384143401479,0.5268951460993255,7.599323415954656,0.3020013148693615,7.013213139078744e-05,0.22893105405099876,-1.1598504851223972,1.1063131512412392,0.22892987244106133,3.540559917621394,-0.001167799904201259
X210,IR,0021,1,1774.0,12000.0,-7.853042362983135e-05,0.07254858557417232,-0.3213052759651729,0.3896491453998124,0.07254825021892136,3.989112579947952,0.18405072794550553,5.3120368954781785e-05,0.44160370487917106,-3.2870744899905344,3.683016927175134,0.441601408048818,7.67517227138458,0.2636919563874994,0.0003068580687277749,0.17197423985005938,-0.8910538993176358,0.8538715552278185,0.1719736179171495,3.7700054720795646,0.07845605125152065
X211,IR,0021,2,1752.0,12000.0,-2.4361795177886664e-05,0.07075996617002368,-0.3356398521030414,0.4131377146625373,0.07075960182132998,3.9761624657845056,0.17404646144935748,6.303926762145519e-05,0.487478745855258,-3.127462119660356,3.619687081936451,0.48747621097288907,8.02801451586991,0.24855185339602537,0.00016568463994198187,0.1702361398610798,-0.8649547114017246,0.9785889249619115,0.17023533384002526,3.9810128106899767,0.05994211971632567
X212,IR,0021,3,1728.0,12000.0,7.199605070722347e-05,0.07341719335553963,-0.35342569773267557,0.4527706227421019,0.07341684627471244,3.887110774515059,0.21995200924038982,4.456129776008219e-06,0.44600159933663813,-3.078554865592405,3.563823677321767,0.4459992764278536,8.192703796874014,0.3057717688483936,6.539783985974025e-05,0.16610942511943766,-0.8096416430124129,0.8335838115330416,0.16610857283767022,3.947030636407708,0.06835985471866171
X056,IR,0028,0,1797.0,12000.0,,,,,,,,-1.6708159148378832e-05,0.8363847827108863,-3.6108005273747734,4.424253772625226,0.8363804266956861,3.3715650661363474,0.1039034402194204,,,,,,,
X057,IR,0028,1,1772.0,12000.0,,,,,,,,8.70786261354527e-05,0.8393363872960529,-3.7252176435686564,3.9224678564313438,0.8393320202580811,3.191359338298152,0.09854351243894813,,,,,,,
X058,IR,0028,2,1750.0,12000.0,,,,,,,,0.00012745786629594926,0.8388153803070363,-4.198644544545163,3.807926755454838,0.838811021149205,3.287609395571082,0.1460086970037049,,,,,,,
X059,IR,0028,3,1730.0,12000.0,,,,,,,,1.02862406823681e-05,0.8237618251210624,-3.8284720774311927,3.6959227225688074,0.823757534747939,3.3046765801167646,0.16247545536694694,,,,,,,
X130,OR,0007,0,1796.0,12000.0,-8.2285464682086e-06,0.07670489569634183,-0.3568715543995839,0.38977343076362087,0.07670449663199887,4.044163377253279,0.15027712993743816,0.001124792122671508,0.6718356780749813,-3.431872673853709,3.6072536734516802,0.6718331204934861,7.61493542570591,0.05294512752283061,-0.00031008889000256706,0.25535316848776035,-1.0676353237384875,1.0727901308069672,0.2553520267994781,3.5868519366243157,0.06370370357979667
X131,OR,0007,1,1773.0,12000.0,-8.187577415710955e-05,0.06862509667773381,-0.28230457897148653,0.3556592192480981,0.06862478809716022,4.0028364901882085,0.15882639645458146,2.1258021640350487e-05,0.5918107242666153,-2.9660656448632152,3.1081960317834914,0.5918076422928653,7.557340025482924,0.03273723588883671,-0.0001513914901806527,0.25695954933767956,-1.0540881787439684,1.0339463667105768,0.2569582556006959,3.4335520507354143,0.07300676586977456
X132,OR,0007,2,1750.0,12000.0,4.093621259180743e-05,0.07012147267718405,-0.32794870424734884,0.3703711770582892,0.07012111940936584,4.173632769436192,0.17065245685070088,-6.290485740949325e-05,0.5708531971655328,-3.0861188404715976,3.097380460925608,0.5708502274299562,7.850442315078547,0.018885444372240684,0.0002478900889500996,0.22569275313672957,-0.9120968196269589,1.017532271282132,0.22569171378653577,3.677672732461157,0.04142758225889661
X133,OR,0007,3,1725.0,12000.0,-2.706539514601224e-05,0.07321872132938546,-0.3319099850538998,0.3726466915039638,0.07321834498329051,4.062612735689074,0.12376339050880605,2.676880349011702e-05,0.5813229304805694,-3.007548540814773,3.2315847925185603,0.5813199033654175,7.958870612746914,-0.0026387975714043488,0.00012468929506396383,0.25577894279235575,-0.956866876860239,1.1944476685943064,0.2557776409993484,3.6764196367565165,0.07959344022257046
X197,OR,0014,0,1796.0,12000.0,-0.00013474407154241724,0.038394825868301445,-0.18107231738014776,0.1758333206020481,0.038394862332882924,2.9169344095735923,0.053293133394349906,0.0001819870235729244,0.09959427425000726,-0.47468469551385223,0.4186107535879442,0.09959392180019319,3.005820320940494,0.002747170879136944,-0.00021567222941999546,0.1463992904165069,-0.5145229733657837,0.5117224811796709,0.14639868678076143,2.4508727286601726,-0.0016047271135067953
X198,OR,0014,1,1772.0,12000.0,9.332921063963654e-05,0.031020143002312376,-0.1399639348323871,0.12994846872844382,0.03102012183721322,2.900750922233515,0.057027933512691545,-6.555733940426241e-05,0.09378797987324097,-0.40474331711111083,0.39273895833799094,0.09378751430515345,2.945668496849164,-0.000853831623671306,0.00036181108942266895,0.10156447967541503,-0.39183774783103187,0.37635679762351354,0.10156459514765517,2.7958963256460336,-0.00043402411837762577
X199,OR,0014,2,1749.0,12000.0,-0.00011341055694153262,0.03041408431827833,-0.12047350125427092,0.12581955512555107,0.030414137358882435,2.954652173791621,0.07319739172345201,4.101563590589566e-05,0.09656517700007225,-0.41308983558415396,0.4741969907631514,0.0965646827657831,3.019236320303757,0.003677508485386533,0.00020499589447080715,0.09300531281889864,-0.38908748821537764,0.38527069360280414,0.09300505433477291,2.8749213746348072,0.019584735266578977
X200,OR,0014,3,1723.0,12000.0,-3.4659082221996025e-05,0.03720401202665767,-0.14745112231293417,0.14793154831021127,0.03720383439945647,2.8773174265827755,-0.06395849402216124,-6.884442733658328e-05,0.09486662639600281,-0.6677062242551808,0.6625947338286515,0.09486615727792805,3.898027222824748,0.005584589398459595,1.4000971297899456e-05,0.0985662479735437,-0.4576462653355202,0.4531337346644797,0.09856573560073024,3.065575379344386,0.02898299296726168
X234,OR,0021,0,1796.0,12000.0,-6.552903663283189e-05,0.1039164639433618,-0.6786137038620944,0.8480461180963628,0.10391594337156396,10.192320484935088,0.6806868356202466,6.814887086873968e-05,0.5858788732616586,-6.416451668410195,6.648205816619745,0.5858758257647735,21.017753842183335,0.1317979755127142,-3.6813917136831705e-05,0.20253793125902175,-1.972104664220167,1.7850426085071056,0.20253687971693882,11.038549016614791,0.10988535752434973
X235,OR,0021,1,1771.0,12000.0,-7.844366351784222e-06,0.09108730950522569,-0.6167436672962068,0.8002020695979575,0.09108683542869692,11.253667529262595,0.6437264787166938,9.151649240861751e-05,0.5698771725071317,-6.11624763111758,6.203644784052081,0.569874211737477,22.211522215685953,0.13054544115906933,0.00014053814870502177,0.18967239875195668,-1.6891786222679614,1.803137741368402,0.1896714629385845,13.416456323020912,0.22561293093574467
X236,OR,0021,2,1748.0,12000.0,-8.280853519761639e-05,0.08937704793608331,-0.6497992373262049,0.7663415539695421,0.08937662079098296,11.122908181614855,0.6226485197899982,4.523413290269082e-06,0.5652963912323358,-6.656715869724393,6.649563870794569,0.5652934469907286,23.894134359146324,0.15481135543696334,-0.00010797986587276343,0.19829762451218483,-1.931400910168903,1.8970390898310967,0.19829662110889093,13.414038340392025,0.14955667112061716
X237,OR,0021,3,1721.0,12000.0,-1.8291446506667104e-05,0.094231421979878,-0.6312779247289416,0.8562615411464294,0.09423093296524729,9.818887788390526,0.6700932019598328,-8.78108411117021e-05,0.5445704483719285,-6.656892902900743,6.649386837618219,0.5445676191398172,23.775744111788093,0.13283698119092383,3.640656802954513e-05,0.19435255975838414,-1.888786513848637,2.0582007588786357,0.19435155091273137,13.457489837394446,0.22205894724120426
X156,OR,0007,0,1797.0,12000.0,1.3133899862963923e-05,0.03955695409378794,-0.1802760964599293,0.18862028336202916,0.039556750247852046,2.9400135268013328,0.006069693767568153,-0.0006501753322089162,0.23793328858884213,-1.7738020870250732,1.679893641517841,0.23793293768566015,8.097088694865064,-0.03592203555630922,-1.6622077073227623e-05,0.12906282312048092,-0.9925867154861641,1.020662375422927,0.12906215198691573,4.770283090906148,-0.006524285627661394
X158,OR,0007,1,1773.0,12000.0,-4.990667147506572e-05,0.0409084956049872,-0.1809397571796353,0.16916576210819853,0.0409083129815351,2.882276955086841,0.012777519090616135,-1.3519893613126212e-05,0.23450304084898943,-2.0440201052350133,1.7881494756033096,0.2345018198655402,7.976512098830604,-0.047531346292124035,8.066520005885186e-05,0.13608432733841655,-1.0075831635120622,1.0993532001243012,0.13608364247166377,5.046616369049852,-0.00631187076045868
X159,OR,0007,2,1750.0,12000.0,-2.1976541484373562e-05,0.04040889430809485,-0.22687774616314613,0.20531204612172038,0.04040868982060199,3.2507688166932907,0.03374482560696182,-6.680378320696528e-05,0.2708297392786964,-2.309110012057076,2.2572663552083934,0.2708283369425311,8.487510110415883,-0.01849030642132143,-0.00022099494665928015,0.14655941823303392,-1.187874911139841,1.2471723615874315,0.14655882151914792,7.027835302495704,0.017332910749200157
X160,OR,0007,3,1724.0,12000.0,-6.462767199778672e-05,0.04474481074207794,-0.21123348748653786,0.2194272840268153,0.044744624368653944,3.15685754087886,0.08578163298747818,8.553089677182641e-05,0.2556879081256745,-1.9109413916772469,1.6104897859674636,0.2556865907200188,8.227412491806282,-0.03502564775059759,8.953739235545851e-05,0.1404233358877142,-1.054986600183402,1.088315217998416,0.14042263306004232,5.900684791208974,-0.006806209603709925
X258,OR,0021,0,1796.0,12000.0,-7.939873031463442e-05,0.06246287905854743,-0.45244788100034433,0.35225965609164384,0.062462604193686454,6.0366780762054315,-0.35254170165280785,0.0034013899704348287,0.38369694016829103,-4.30613939865128,4.6667771682149874,0.38371001781522723,34.36254227270863,-0.33481233459275983,-9.96293256514979e-05,0.137415957437043,-0.8843431887195907,0.9926895385531362,0.1374152778438807,7.646657433925198,0.06556409981081775
X259,OR,0021,1,1771.0,12000.0,9.292209343441266e-05,0.05849257140606758,-0.44580778722407305,0.3308945273159864,0.05849234056545257,7.801304191734285,-0.5270362449946401,5.310107076904903e-07,0.3515118905164072,-3.994115114465008,4.277487779746569,0.3515100597209441,33.25101288233306,-0.398073874959044,-4.062675217153533e-07,0.13556097257332514,-1.0624444926879764,1.0960609618574781,0.13556026652536313,9.791307990947036,0.13315857607704573
X260,OR,0021,2,1746.0,12000.0,9.41420017092534e-06,0.05933629207295998,-0.4851915403881081,0.34410104121426593,0.05933598377579207,7.776597651401205,-0.4948755805373216,0.00015303086615010272,0.34412584937926644,-3.958918504392499,4.1047674237512135,0.3441240910786331,33.24311576085089,-0.4294827984296994,0.00020521712396978715,0.13663021234350267,-1.0228187722131514,1.1276739550595758,0.13662965484364342,9.277869490932996,0.0494984063648453
X261,OR,0021,3,1718.0,12000.0,3.533287961945187e-05,0.06281650955239498,-0.43414983989486133,0.34315603547605866,0.06281619231925005,6.093327767428688,-0.3680705630173527,-5.6903355757743936e-05,0.3124951319684341,-3.5419973562156626,3.679056336399108,0.31249350956627797,33.16228838729781,-0.44458065858867796,6.399082098837513e-06,0.14121118957015105,-1.0936207478686586,1.0330392521313412,0.14121045423828021,6.568588595964446,0.002768779713083072
X144,OR,0007,0,1797.0,12000.0,1.6250416148228916e-05,0.08618906882680417,-0.40273645381604767,0.36974093490798804,0.08618862145620074,3.1653200415739366,-0.11543567485601325,-1.0175912998783646e-06,0.769660061017194,-3.013865895804665,3.341814643117491,0.7696560523612763,4.234085571171114,0.0654059368017205,-0.00022149229833226392,0.16838782808357367,-0.6884677394763624,0.7449886241600011,0.16838709673421035,3.11382935998111,0.017084274408736954
X145,OR,0007,1,1774.0,12000.0,-4.159042244287692e-05,0.09015720379201878,-0.3555884323252619,0.38936658251153344,0.09015674381511514,2.9422760870873303,-0.09604361209570385,-6.01578470971592e-05,0.8489761572785539,-3.3118995067233032,3.467330632997256,0.8489717376476019,4.052414036460462,0.0735069497958833,0.0001658571146271793,0.1903862811144082,-0.8497270334535546,0.9334129665464453,0.19038536176110432,3.342055535154106,0.10115029916861018
X146,OR,0007,2,1751.0,12000.0,0.00013702642637045625,0.09045844436870074,-0.3708903682546385,0.3059829848610886,0.09045807701402002,2.8551320868501917,-0.18914216302165412,-0.0001722541679774965,0.8530073940582269,-3.35715177991856,3.631213589342917,0.8530029686921904,3.94932515350742,0.0734369325262236,1.1159952580780063e-05,0.18448512486032728,-0.8108342467519646,0.8430748441571262,0.18448416433534776,3.293558685853124,0.0705894769027108
X147,OR,0007,3,1725.0,12000.0,6.839512538218247e-05,0.09499722365270699,-0.40667973929969203,0.3543299936379935,0.09499675349554697,3.112032369959021,-0.24039347650648274,0.00011924026305178213,0.7961915945544873,-3.322787017046288,3.612380847225169,0.7961874566414192,4.088742915792577,0.08318038293729652,-7.562143634349116e-05,0.18009602050330517,-0.814138088917404,0.9414710019916868,0.1800950983773729,3.2908802007315368,-0.0782590255686472
X246,OR,0021,0,1796.0,12000.0,3.5919639627482225e-05,0.14161161530580688,-0.7180439921327515,0.6782951374419272,0.14161088229890312,4.280582215935991,-0.03577719818296958,0.00014085857158854846,0.3156645327445497,-1.9872553632580854,2.653353858298801,0.31566292008189045,6.9998511888706245,0.09005918464009464,5.7412533394525324e-05,0.22270027675800247,-1.2756395205537265,1.1855004794462733,0.2226991242582729,4.6066516187472,-0.012345627822105604
X247,OR,0021,1,1771.0,12000.0,-5.526100850837865e-05,0.1308802844384881,-0.7260308615166687,0.6428596231519763,0.13087961443493165,4.717682140943509,-0.07144477125984373,-3.932186753861141e-05,0.2840374495003397,-1.8756361968163908,2.1860542223452857,0.2840359728566257,7.098674362584844,0.1479654932989718,0.00012946277661581146,0.2190195851566898,-1.5646629464468689,1.2389697808258582,0.21901848268972132,5.95478411787157,-0.13755925231890612
X248,OR,0021,2,1747.0,12000.0,-0.00011303937922135779,0.1302246395680694,-0.6510799369031252,0.6621888069148769,0.13022401037421513,4.831353601643171,-0.03592463050815543,3.183295486845723e-05,0.27945277215606357,-1.6381639662251049,2.113762660521402,0.2794513184821682,6.818110248053706,0.16056670785571064,0.00013960862052563678,0.2240040147787089,-1.6517840701484137,1.2693686571243135,0.22400289159326603,5.8461520247144465,-0.14103940497399928
X249,OR,0021,3,1719.0,12000.0,-3.329233651500329e-05,0.13239293185285378,-0.646156477515587,0.6995515739186366,0.13239224649050707,4.694182540794223,0.036269552562589596,2.9346529652757146e-05,0.27943223760629754,-1.6769128215691496,2.2936514898080955,0.27943078376729347,6.405792220449206,0.154939912864674,0.00022285568846873563,0.21774536255930568,-1.6298683841410766,1.153629797677105,0.21774434250946142,5.850487717010191,-0.2007445990794465
X282,B,0007,0,1798.0,12000.0,-8.818907703245522e-05,0.11849278881186653,-0.3336095059604812,0.311795874850597,0.11849220447814907,2.114046566904267,-0.06306011515348581,-0.00010905050042301719,0.08487763467435773,-0.696405293197113,0.5660405351462005,0.08487726265638716,3.8561298454415915,0.0220785827817074,-0.00011950610134160234,0.14161250199741307,-2.1205559917452814,2.185836216046927,0.1416118148559401,16.55421772707915,0.059948292324704076
X283,B,0007,1,1777.0,12000.0,-0.00035859561880966987,0.16144866501882374,-0.38177316313745874,0.3730243244985453,0.16144822238032663,1.7186066204954284,-0.03930782275275546,-0.00026052381034459473,0.08334861768134999,-0.7951837334932704,0.655686845349045,0.0833485907352181,4.182592659528787,-0.001150917466380729,-0.0015511171415871442,0.11410811897372401,-1.9324837183510029,1.9921297881425037,0.11411806670376146,20.55648419355684,0.047434256358185926
X284,B,0007,2,1755.0,12000.0,-5.337734112972152e-05,0.20017830211507562,-0.4490535313495373,0.4254393667711354,0.20017726663358085,1.6822783288732488,-0.019995443922885558,6.43604581029404e-05,0.0870209063276339,-0.5552018989085803,0.484382931430741,0.08702047689310909,3.385259450499168,-0.04385465664132179,3.14596360904392e-05,0.12527994642513474,-1.1654549846820916,1.2795221581750515,0.1252792978737236,7.9608449668937915,-0.05374734715875887
X285,B,0007,3,1732.0,12000.0,1.0974974874432101e-05,0.23392589494654847,-0.5118140501967792,0.5210921416924396,0.23392467683679424,1.6738440905105194,-0.012824273025843548,4.335482332212424e-05,0.09209838647763725,-0.9347549489516279,0.9509544722060567,0.09209791700187014,5.868481156848506,-0.01982256844212744,3.37816769418347e-05,0.11477408015098634,-2.670773918063318,2.5237253027159032,0.11477348733930108,16.27346556226758,-0.04990336454442684
X286,B,0014,0,1796.0,12000.0,0.00019073134285264138,0.2961008690545817,-0.6879285510178463,0.6632531304856157,0.29609938828799565,1.6795035014992814,-0.023849321751549867,-6.478068652249463e-05,0.14570684689126162,-1.5072674056740474,1.546513033447709,0.14570610240015028,11.506295157537359,0.02568045343302169,3.9666765971930336e-05,0.22881648067976237,-3.0873146125224484,2.94057759526976,0.22881529236241396,15.70813785533964,0.09224018964224136
X287,B,0014,1,1775.0,12000.0,0.0001343532242402542,0.4489273758315767,-0.8803866256862858,0.8881593485966027,0.4489250577665292,1.5994562062674809,0.0041097294729644475,2.611409627343627e-05,0.12574398411945556,-1.4744453077184305,1.4473565884891544,0.1257433319128249,13.450397148681178,0.0529245767749154,-2.5291208108684493e-05,0.18100811650075985,-2.667048847201074,3.2661303735781475,0.18100717551460366,27.534904904610123,0.25241167855777535
X288,B,0014,2,1755.0,12000.0,9.453286803414114e-05,0.5601830424907625,-1.0763100127573781,1.076275506530456,0.5601801328395708,1.5845369277531296,0.0026335506148214105,5.766379210124506e-05,0.21675819704546362,-1.5894272164297467,1.7165337616141654,0.21675707576371778,7.785555745789554,0.02087308863615799,-1.901081735842664e-05,0.2958918716360202,-2.6624082910121643,2.5358306700267974,0.29589033113922686,8.840735024351517,0.04348943916994587
X289,B,0014,3,1732.0,12000.0,7.985496507965771e-06,0.6549718102795219,-1.216801210173827,1.311049947096203,0.6549683990078066,1.5735897608598186,0.0023981744388609345,1.0703873532646014e-05,0.14953692942613048,-1.56490793994508,1.4852177087575147,0.1495361509690225,9.128312422285894,0.016097632509521703,9.083600196540438e-06,0.21399838796630888,-2.595637591629782,2.6473156551234647,0.21399727358125606,13.361355998816716,0.11798799799542717
X290,B,0021,0,1796.0,12000.0,3.556458873403261e-05,0.10313275200615149,-0.3439007849189729,0.3304021428752903,0.10313222098713085,2.2469173161297613,-0.03199524211127334,3.2212822681897936e-05,0.10079181778290855,-0.5994603904509791,0.7735225436807575,0.10079129797175422,3.5394262801462806,-0.023482993308922426,-5.469631036424567e-06,0.15112000960652094,-2.3279654665060363,2.4654059620653923,0.15111922262007219,23.268292127179055,0.13254245272280876
X291,B,0021,1,1775.0,12000.0,5.494339006288334e-06,0.14342106559723808,-0.3618020066377494,0.3407545116609648,0.14342031871581842,1.8244209216248404,-0.04971074042472949,-6.224328663527391e-05,0.10339616849879263,-0.7419680530057389,0.8523327453974548,0.10339564871064122,4.1224191813235675,0.0027942776856295904,2.4778280627273232e-05,0.16840990278128679,-3.1040591816354985,3.1315512079748915,0.16840902746692563,28.359442572573634,0.12273622789904849
X292,B,0021,2,1756.0,12000.0,-0.00017683376531042036,0.17898205398030811,-0.42748583113280963,0.39186829349627056,0.17898120913574742,1.7190243527238713,-0.024984188064081588,-2.7261427558002815e-05,0.10743436617032151,-0.7002126529029404,0.8084036145621294,0.10743381007368,3.465742585658421,0.014052232829795959,-2.1076515469304003e-05,0.16787583638717124,-3.0336658853764007,3.043818530208016,0.16787496335464633,14.526053602445362,0.009425665229018533
X293,B,0021,3,1734.0,12000.0,-5.159367882607846e-07,0.2092855935214292,-0.4792019873141375,0.49268932821504163,0.2092845034900936,1.700801767747593,-0.014680008148670376,2.1532797137509792e-05,0.11314575527225595,-0.6716626693277794,0.7045689673987675,0.11314516801887929,3.2859830922700377,-0.01586076545333682,-4.471505440291426e-06,0.1731186526694867,-1.9193954653230811,1.915057781430166,0.17311775106523716,7.828615977873816,0.037792799054892856
X278,IR,0007,0,1796.0,12000.0,-0.00016838502119702702,0.08985806991968479,-0.3712531707815828,0.3230929024132738,0.08985775967669898,2.342327856421775,-0.07841174646296299,-4.912688435037414e-05,0.12180329201300004,-0.6569202519363297,0.6493830614369237,0.12180266752641886,3.9999780565082648,-0.15118336899650578,-0.0005369476764380572,0.2731180658895002,-1.7893109895487327,1.987013685775943,0.2731171712152747,7.254244595196877,0.04504437483363767
X279,IR,0007,1,1772.0,12000.0,-4.734922946359128e-05,0.19587662130947645,-0.4736651745979107,0.5113467541854722,0.19587560683897487,1.740956451507842,0.06045406015979273,5.579317748042904e-06,0.12131144654010843,-0.6533410249050563,0.5910745040370595,0.12131081483631408,3.892743925330895,-0.16891367621300604,-6.96639042804679e-05,0.2376327076791728,-1.3557710167018997,1.5649661261552434,0.2376314802169119,6.094435377731001,0.13310677675438315
X280,IR,0007,2,1755.0,12000.0,7.20833633703813e-05,0.242092634411863,-0.5072597338009472,0.5659742325689836,0.24209138424095009,1.6744755813473344,0.03027118767896999,-1.2045279193549238e-05,0.1251636720624166,-0.6879848208983719,0.7078202489619076,0.12516302074619276,3.862332085074054,-0.17119307382268523,-1.7749987691330696e-05,0.23039874326747195,-1.43281320631886,1.535564975499322,0.23039754395462816,5.928998521282106,-0.02951456161748925
X281,IR,0007,3,1732.0,12000.0,2.173509815523971e-05,0.27562066312116146,-0.632012860397641,0.6368228863877201,0.2756192284501417,1.6731942418026544,0.020938756122697483,-5.526474406318075e-05,0.12701086840249873,-0.6418718664390066,0.6464011475330492,0.12701021890924727,3.6906777122805376,-0.0938101033009163,9.298511785666153e-07,0.24108393577997045,-1.4041131271618084,1.5447533663446853,0.24108268013299483,5.318301533720084,-0.09692756457968185
X274,IR,0014,0,1796.0,12000.0,-4.260956684484924e-05,0.2287710350322704,-0.5767210048646112,0.5898866509217391,0.2287698474814861,1.7703240780631397,-0.007287855723972414,1.4668646466876305e-05,0.18361713999775175,-1.1422293210478944,0.9689400601896304,0.18361618424191156,3.7378423709102533,0.007127304932638445,3.2121789833407905e-05,0.17894071138848083,-1.0568080761538896,1.1688251705993575,0.17893978228630103,5.475205963663349,0.11972167648801312
X275,IR,0014,1,1775.0,12000.0,-3.2217113424328387e-07,0.3226014682920862,-0.729016198012092,0.7343748999107568,0.32259978807189077,1.6304875191694117,0.011727490209830155,-1.8029505553728854e-05,0.15757041967980645,-1.3413572095130388,1.1216466627424502,0.15756960002989054,4.315948585022676,0.023862351737041557,2.3611660890854454e-06,0.14151061952714034,-0.8727386502029587,0.9031501809658726,0.1415098825104429,5.637908116002697,-0.0068253206553728265
X276,IR,0014,2,1755.0,12000.0,-1.3965645318858184e-05,0.38100286728700294,-0.8225222343854277,0.8184398625483014,0.38100088314785785,1.6035753900173948,0.0064124174030757005,2.279451879102265e-05,0.15201901306015803,-0.9868276012367811,0.9984545544518417,0.15201822300137616,4.344068630474281,0.01723035139616472,3.641599658231637e-05,0.13275562540578315,-0.8394589717902142,0.7697675217162795,0.1327549389630682,5.667175041482762,-0.004314177881057831
X277,IR,0014,3,1733.0,12000.0,4.525314331333928e-05,0.4403743205873344,-0.9169563566706086,0.9398921497586694,0.4403720292902413,1.5900963874793976,0.0048021700576986225,-6.761014574255877e-05,0.152169874090354,-1.1074742407786435,1.2725252801794404,0.15216909655677174,4.8492489059949255,0.025225702646691408,-2.4220490375640988e-05,0.13747514113840095,-0.8592179668756571,0.8719565785788885,0.1374744272537809,5.521590453235256,-0.06269353136103181
X270,IR,0021,0,1796.0,12000.0,9.55396756446954e-05,0.08508144901764456,-0.29442122988666986,0.32837307278395333,0.08508105952592071,2.7235709668550956,0.006516017614995377,5.3003220515191536e-05,0.2002824922205779,-1.1477950729717925,1.004698465489746,0.2002814560933647,4.630699028024205,-0.032268274378823784,1.9556474224114168e-05,0.3216232976664965,-1.9999006344159274,2.225066638311345,0.32162162313536613,7.115301525789682,0.025576783104572873
X271,IR,0021,1,1776.0,12000.0,-0.00010088876428088115,0.08866336176160115,-0.2968042544319367,0.320920137259458,0.08866295737227345,2.4460533822661166,0.1780120486172,7.36134846544885e-05,0.19865874185914106,-1.050123280957653,0.9056459498115775,0.19865772081439867,3.95961271591577,-0.03246327743673865,-0.00019703355962319836,0.2953524911587109,-1.658663604942199,1.7360618496032554,0.29535101858266405,6.448090870706036,0.07162186427232126
X272,IR,0021,2,1758.0,12000.0,2.880715292097364e-05,0.10250472326144566,-0.3068564130362482,0.33955723681538386,0.10250419342918166,2.210338558968532,0.12658588080056257,0.0004070414607030056,0.19685032886276668,-0.9558675604046816,0.9279293626722415,0.19684972443403473,3.7570620049018837,-0.026675663676964563,-0.00034207578406687084,0.2937810454448112,-2.2794443255757333,2.023595674424266,0.293779714487038,6.03536110784883,0.06037980437633187
X273,IR,0021,3,1737.0,12000.0,5.4285872664358766e-06,0.11855448349247423,-0.3355485563570956,0.362288476283854,0.11855386614388566,2.1074312798429284,0.08451684053977919,0.00014392334746671177,0.20627570667275433,-0.9219658717102255,1.0139848975205437,0.20627468252690273,3.6428795181333284,-0.006682909143054986,-0.00010098701331285075,0.28520269448109115,-1.6797681197405856,1.5927118802594145,0.28520122692578836,5.859820055522564,0.0745289147580982
X294,OR,0007,0,1797.0,12000.0,4.592344484651954e-05,0.08317405675376784,-0.338598703710198,0.34443096988030647,0.08317363623250096,2.859872170007423,0.012912079324969638,1.525659368062226e-05,0.154674019941947,-0.9990307247099621,1.0249109918569042,0.15467321509843204,6.496963332188253,-0.01541217120594585,7.429693049340873e-05,0.42624580824485414,-3.2516116937350916,3.431954540031143,0.4262435946840319,12.488727172797542,0.28562384005718405
X295,OR,0007,1,1776.0,12000.0,-1.0513796237033024e-05,0.10352036628860625,-0.318092802134516,0.29246933436400036,0.1035198276525347,2.0806351240852203,-0.12409132645763518,-3.1365692894941695e-05,0.14589467019221888,-0.9342041554716708,0.9729467028117624,0.14589391369381707,7.700396313057927,0.04434873102561521,-6.116155403488079e-05,0.35372975902240616,-2.8945403948197277,2.902463501284169,0.3537279219627025,15.216621238359775,0.10411381559725187
X296,OR,0007,2,1756.0,12000.0,4.9671919506222376e-05,0.1283092417996457,-0.35591034341803096,0.3315454429321175,0.12830858313531454,1.8924195972403481,-0.06700468781253638,-3.214373302176179e-05,0.14899330069475977,-0.9925381804554103,1.0159721987861066,0.14899252815331815,7.859156168262147,0.03314946001287831,-3.959497848289039e-06,0.3512835901669273,-3.031658110377178,3.1226535779345115,0.3512817605824454,15.88884852856916,0.09467620192488312
X297,OR,0007,3,1733.0,12000.0,-1.1432830056070537e-05,0.15133127137507477,-0.4002216282603232,0.38424650230347507,0.15133048362118517,1.8610140546682858,-0.035420359184380704,0.00011107957417208723,0.1534657352805774,-1.1793274651792378,0.9787856685532972,0.15346497617808233,7.971978193872945,0.04793353151780283,3.0576374024604006e-05,0.3549315716478889,-3.2506203505604994,2.812636792296644,0.3549297243581811,15.42043752618096,0.04664145381339895
X313,OR,0014,0,1797.0,12000.0,-7.278601573771197e-05,0.1265236499155583,-0.432294748931168,0.4153058445406422,0.1265230118726292,2.3629315897874585,0.02799166745527905,5.1830679980471354e-05,0.5402031466269962,-2.1999263130962174,2.591585143989611,0.5402003355481168,5.4979643928950175,0.05450110613818733,-0.008100260191368527,0.9181260305167082,-4.573498236151867,4.959993971640342,0.9181569807729155,7.797364784874648,0.14580725992825064
X315,OR,0021,0,1797.0,12000.0,-0.00047730459884290876,0.10955872181166643,-0.49339190869379845,0.4929874384872106,0.1095591909072609,3.3278466925527574,-0.01226892472145192,-0.00032803180451799926,0.37601570517022004,-1.8864752325571792,1.9798869430915231,0.3760138898363058,5.919995366809326,0.027464217943417774,2.9640421545855406e-05,0.8242802954674991,-4.636814163528671,5.401136485821979,0.8242760028627052,8.827416412867567,0.4275628095547672
X302,OR,0007,0,1797.0,12000.0,-0.0001983980872455655,0.08553389192039394,-0.28117062886617733,0.29748325837417877,0.0855336765258644,2.6788814448949907,-0.001810306646860036,0.0001088456810047887,0.09959804015542909,-0.4828078617029773,0.47865297662037604,0.09959758089055867,3.3433133090513065,0.0012001654917819541,-1.3679757735173901e-05,0.12670459262130698,-0.6730818473913516,0.6585480826785787,0.12670393343831174,3.297267982240288,-0.0841876341875586
X305,OR,0007,1,1775.0,12000.0,0.00012166910647159161,0.1182859924655941,-0.3040299117503533,0.28001578557902357,0.11828543896591236,1.8798149007214786,-0.11253497661171662,-5.061454925391964e-05,0.10135574920054959,-0.8876396300769485,0.8936240026575824,0.10135523394253855,3.6894959393659694,0.014408015291664474,-8.051849005901687e-06,0.16836754806274354,-2.138263305685586,2.1060166943144147,0.16836667133868005,7.273700003683463,-0.07669382209201657
X306,OR,0007,2,1755.0,12000.0,2.916986037458117e-05,0.15027532332786825,-0.3558901717642545,0.32685784010518176,0.1502745434729418,1.7367709398251074,-0.05264722641533709,-3.3256543925662196e-05,0.10769854231315874,-0.5424890169506122,0.6345159331491881,0.10769798651650885,3.0494810673755173,-0.011592256439624206,-1.3110996637403722e-05,0.17047357813427408,-1.657037350098369,1.6705184940574753,0.1704726907529236,5.29991001288119,-0.08253527121128973
X307,OR,0007,3,1733.0,12000.0,2.0450414496720285e-05,0.18017487557897482,-0.41336585266413833,0.4225658980777015,0.1801739383263199,1.7069980340550142,-0.030421024043127586,3.1276231280782554e-05,0.11049674813670343,-0.479010422040509,0.510057082949511,0.1104961770577177,3.0706067997794926,0.0015368098094680632,5.021292269673664e-06,0.17140224705627272,-0.8247749153906309,0.709006383310668,0.17140135440746185,3.2868364366177003,-0.041748467220812456
X298,OR,0007,0,1797.0,12000.0,-4.9901961404613576e-05,0.08434254180952265,-0.277358726390188,0.27240471574631053,0.08434211728683613,2.523569746247735,-0.033520652416905085,1.3429707673276924e-05,0.0862209682018229,-0.43000686290085965,0.4006852329075236,0.08622052017901634,3.241048750181742,0.0019022888603658146,-1.2119254316404851e-05,0.09753759629614744,-0.4842240629406302,0.5055882047916376,0.09753708903943599,3.0881770896530796,0.013835683823786596
X299,OR,0007,1,1776.0,12000.0,-3.562995937513842e-05,0.11389818616261971,-0.2952603734423128,0.28202544258142603,0.11389759851431751,1.9053901525379706,-0.11147334581764448,1.0082090152358448e-05,0.09403768998803338,-0.4101267871875423,0.4630722547286254,0.09403720074759239,3.158435260788517,0.010723169686530549,5.925695206796448e-05,0.09676191968040816,-0.6265585541106194,0.5960766107245455,0.09676143385532103,3.145155104498557,0.011493035226530942
X300,OR,0007,2,1755.0,12000.0,-2.3604300513600288e-05,0.1415094061644917,-0.34868312386653744,0.32348245476847753,0.1415086711030685,1.766655877797601,-0.05509857776871453,1.8677311445548307e-05,0.09168546714829326,-0.41151195857927303,0.4367594186662359,0.09168499152096901,3.1301213832651706,0.01878609523428727,2.453384055348371e-05,0.1054007725740725,-0.47341041908527076,0.44694918131432976,0.10540022646563701,3.049096297245815,-0.0475434628208221
X301,OR,0007,3,1733.0,12000.0,-2.3157734103259276e-05,0.166502568945102,-0.39480176003380657,0.37666969397212824,0.16650170335239967,1.7383823614986593,-0.033218607429615334,-1.0187611307373886e-05,0.09561379236791058,-0.4156745745312176,0.41725045540890215,0.0956132949208576,3.0771461837185927,0.017698297389068952,1.176771718705409e-05,0.14722420728223032,-0.5779187714836121,0.5231234263185857,0.14722344095778994,2.7871239674480517,-0.13499226548855583
X310,OR,0014,0,1796.0,12000.0,-5.06788746348493e-05,0.1129480566548566,-0.3627038548019345,0.40743976537610704,0.11294747975185437,2.1982496476352287,0.03401952010108843,-5.74777564752299e-07,0.1995559009798224,-1.1894380237541946,1.1705819762458052,0.19955486162429256,6.327323154677414,-0.0032545056528025243,1.787699882796365e-05,0.4200480291669155,-2.9354635094053934,3.1412079191660363,0.42004584179148563,10.378607406298197,0.08066342619601637
X309,OR,0014,1,1774.0,12000.0,0.005160106715016373,0.1494461753681183,-0.44985400593471814,0.4642992284866469,0.1495346170943716,1.9211612697335536,-0.03667602981118455,0.0028855038757161504,0.11673186909591288,-0.6758925748502994,0.6495780838323354,0.11676704559545441,3.8042310121749923,-0.01933468974922059,0.0061647567678920845,0.2877511235716867,-1.9479168831168834,2.079214285714286,0.2878159654852108,6.6518267246807,0.03360327814902052
X311,OR,0014,2,1752.0,12000.0,9.063767086816178e-05,0.19803277937944574,-0.5022844911458975,0.45781984119831626,0.19803176869812952,1.7089132119101882,-0.0168592985429962,-7.923801427515758e-06,0.23367708312905178,-1.1113450869463877,1.130909443991736,0.23367586619208655,4.882327085290719,0.009726833923653882,-7.044002124945721e-05,0.42511939250356917,-2.7312622225564227,2.723067647573448,0.4251171841700992,8.635838064310642,0.050242071040870376
X312,OR,0014,3,1728.0,12000.0,-0.00011776848701110376,0.2339134203694505,-0.6316578423779607,0.5639156887793094,0.2339122317138405,1.7113522937497572,-0.011029642533824338,-3.116011860907652e-05,0.28744712587119076,-1.243317896887571,1.454567172972708,0.28744563043577803,4.753041923533893,0.027716778084251693,2.956250434747595e-06,0.7345451461917751,-4.0430950065201285,4.381076422051301,0.7345413204317913,8.351193929476423,0.09903185791009897
X316,OR,0021,1,1773.0,12000.0,7.617530942055746e-05,0.11346804089568857,-0.3460751084887991,0.2930153366150586,0.11346747548455716,1.8410520628273728,-0.06483365330448929,-8.314913482804675e-06,0.10079808502399766,-0.4896138185668012,0.4543779379202248,0.10079756037555798,3.4117158473981357,-0.02076550216258404,-1.4817203272721176e-05,0.16472430096798144,-0.8166676555339005,0.8273546821284373,0.16472344369309821,3.971605425918131,-0.07356665009857484
X317,OR,0021,2,1751.0,12000.0,-0.00028668548074639046,0.13985085058363805,-0.3251400545311915,0.30912190392578187,0.13985041603675216,1.719557120254603,-0.030484657776256738,-3.199992420544353e-05,0.08593618108471486,-0.42732841571886615,0.373070686077541,0.08593573945718502,3.315958371494583,-0.03943716651759712,6.147655918267647e-05,0.12982587928157663,-0.6467826898450383,0.6847274400250918,0.12982521765895988,3.760799308353461,0.09303853924306879
X318,OR,0021,3,1728.0,12000.0,-1.3921408248396656e-05,0.1661271119408565,-0.38917172515453924,0.3693432896822561,0.16612624727653677,1.701579824897495,-0.01813008193271821,3.0936611662154516e-05,0.10803105528107966,-0.6343915409900095,0.5885825508263578,0.10803049704751527,3.788059989944107,-0.011745994559443931,3.992630965368185e-05,0.14803434920935118,-0.8412303992828789,0.7561264838340044,0.1480335835793936,3.6819119413224373,-0.007693321687202893
X122,B,0007,0,1796.0,48000.0,,,,,,,,-6.318309743452674e-05,0.14547791305173105,-0.6570133420878191,0.7000297348352578,0.14547754792319353,3.1220258114202353,-0.020933801874933478,-0.00016835543608875647,0.10854787136686932,-0.4025087687031342,0.4608112312968658,0.10854771924786182,2.729662276564588,-0.017666427955428648
X123,B,0007,1,1772.0,48000.0,,,,,,,,-0.0006389657037412609,0.1405355588438743,-0.592931593847972,0.6564659446135664,0.14053664543769392,3.055697289522637,0.005119141368068279,0.0004261904348523434,0.08757540413628127,-0.4047346878511325,0.3745544030579584,0.0875762131109831,2.9214733119296072,-0.03110479046528669
X124,B,0007,2,1747.0,48000.0,,,,,,,,0.00016175767018427174,0.1393605723676026,-0.7563229595028927,0.675404425112492,0.13936030332632546,3.1022621991571264,0.0020945905105128008,0.0003503712187157125,0.09650776125787212,-0.4039286908077995,0.38953676373765506,0.09650814594578673,2.956710644745872,0.000491861045524087
X125,B,0007,3,1721.0,48000.0,,,,,,,,0.0006314689537659688,0.1407670520955499,-0.6165191154116186,0.6499848845883813,0.14076810186862448,3.0320901278823635,0.016231118374207282,-0.00024685293874288696,0.1411099774480217,-0.5719872729766217,0.49986909065974194,0.14110982589205895,2.6274447317043927,-0.1660907989101558
X189,B,0014,0,1797.0,48000.0,,,,,,,,-0.0009308215735805819,0.13847867308790907,-1.2645393139197345,1.2870354553110348,0.1384814408222412,10.62466679981776,-0.00837441568593499,-0.0008958517391323894,0.1362864764417603,-1.245379627345193,1.2675349181093525,0.1362890658550663,10.643933056117513,-0.010249223205011482
X190,B,0014,1,1772.0,48000.0,,,,,,,,0.0007273740129952764,0.14972938125720298,-1.868673126323543,2.304677642907226,0.14973075809458786,13.701924160775066,0.1414598594065456,0.00017801985543201403,0.08222852820100617,-0.954674049671083,0.7290259503289168,0.0822285067653918,5.274902336471234,-0.0656110396200084
X191,B,0014,2,1748.0,48000.0,,,,,,,,-0.0007266894991581424,0.1575245742966868,-2.3692959486337735,2.9103422052123804,0.15752584024674007,24.766105592041402,0.21309245259456108,-0.000491400982496722,0.10260106462458253,-0.9387592737665876,1.0449043625970487,0.10260197419645753,4.634131786692677,-0.04971746363704227
X192,B,0014,3,1725.0,48000.0,,,,,,,,-0.0003081866101617775,0.17033825459426916,-1.8109298615813156,2.314439369187915,0.1703380898002175,15.08529324033363,0.2660092946322812,-1.7460139486789485e-05,0.12304099980092854,-0.8179625926394868,0.7525319528150586,0.12304068062008526,3.9450019217347965,0.0019694418600075692
X226,B,0021,0,1797.0,48000.0,,,,,,,,-0.008491193479031963,0.35402953639352197,-1.9970078287706985,2.1387655045626346,0.3541304282454283,3.2539815602564826,-0.003306154773214215,0.007571295058529194,0.34722784510069093,-1.9667501343953846,2.106359966614716,0.34730947722181277,3.2829753511682815,-0.0012360709950697763
X227,B,0021,1,1774.0,48000.0,,,,,,,,0.0011083577375455313,0.22934061583850165,-2.453518460252839,2.5038089243625454,0.22934269682449945,9.73779786543897,0.009250344099201396,3.155180644361601e-05,0.09325254539483664,-0.6881250818772684,0.6674640090318222,0.0932523078871082,3.710371586735026,0.005144194829046334
X228,B,0021,2,1754.0,48000.0,,,,,,,,0.00010485121446902135,0.3351886668884215,-3.421039832843223,3.4056900133106227,0.3351878103995607,15.970873356497142,0.04904732815891199,0.00031829382435444255,0.10834680920497017,-0.8332586112798122,1.1086977523565513,0.10834699458254499,4.568111950037155,-0.008101293460415375
X229,B,0021,3,1729.0,48000.0,,,,,,,,-0.0015218843545103942,0.37530435229672693,-3.4296368060852793,3.406063501607028,0.37530646060735573,16.882479043312866,0.05518514089095757,-0.0006971239876392807,0.11731478476575814,-0.8866186616865028,0.7874249746771335,0.11731655051805467,3.60008954278476,-0.0025669805437635957
X109,IR,0007,0,1796.0,48000.0,,,,,,,,-0.001821290685492605,0.5827546169336035,-2.9249953205049373,3.492756679495063,0.5827559453938338,6.032325127543873,0.009257447846322889,0.00018395861828071167,0.4970350568577081,-2.570153553501879,1.846560991952666,0.4970337965366252,3.427625030474705,-0.2468800075373563
X110,IR,0007,1,1772.0,48000.0,,,,,,,,-0.0002780309509988467,0.2776728027886022,-1.5949426037394603,1.6308770885682322,0.27767221887651156,7.375379290549035,-0.1043743014239109,0.001337388629231994,0.23177755920768708,-1.1701580968442529,0.8648691758830198,0.2317808140562819,3.4519352488399933,-0.15959300171125787
X111,IR,0007,2,1748.0,48000.0,,,,,,,,-0.0007638172105531103,0.2807161819822694,-1.6793359891240147,1.6528775493375238,0.28071649010801775,7.454000934127522,-0.08503572912261484,0.00047871689843448855,0.23384147380651452,-1.0049772223629292,0.9564973230916163,0.23384135485548393,3.1442693790834024,-0.03679354286650981
X112,IR,0007,3,1721.0,48000.0,,,,,,,,0.0002564319509838735,0.2793798330980114,-1.5351486341163236,1.502917212037522,0.27937922323018555,6.776200997283793,-0.1513883764197986,-0.00022552574924735987,0.22331673449306869,-1.0105733644897776,0.9700084536920405,0.22331626681689054,3.304344682339997,-0.22485219413833432
X173,IR,0014,0,1796.0,48000.0,,,,,,,,-2.4263806894234627e-16,0.17817039977882293,-1.3567717073639767,1.41223495930269,0.1781690031909218,11.670065675006283,-0.09130431692110874,6.9341075595827175e-18,0.09313361684399149,-0.5147959056989916,0.5079568215737357,0.0931328868165423,4.355323033894205,-0.07657427497740234
X175,IR,0014,1,1772.0,48000.0,,,,,,,,0.000646852301105828,0.2617011619966107,-2.547663197018339,2.9056314696483274,0.26170127990240316,19.255486504971604,0.12172910819259095,0.00020458257048029148,0.09224037971697667,-0.5163250668802772,0.5647767513015408,0.09224036638241419,3.648251036595828,0.0003907705444347965
X176,IR,0014,2,1751.0,48000.0,,,,,,,,-0.00017971173141899732,0.23871494730563206,-2.5276356817661414,2.651053651567192,0.23871439329765604,20.40791124801896,0.10977685397547705,2.1888649984783733e-05,0.09518526718359267,-0.6096929571928182,0.5568779518980909,0.09518502182171573,3.8060852833857695,-0.02507516740388596
X177,IR,0014,3,1726.0,48000.0,,,,,,,,0.003341388927358887,0.2880219018720894,-2.529419975666391,2.6455133576669425,0.2880405332106426,13.553286670256375,0.35329105707543573,-0.00022731918101666503,0.09838835186366852,-0.6034038095313954,0.5802198268322409,0.09838835824627697,3.902899155705165,-0.01172216112840061
X213,IR,0021,0,1796.0,48000.0,,,,,,,,0.00011134497078480436,0.5838862075498061,-3.0388017567119077,3.0638240894419386,0.5838846976273949,4.229258351576196,-0.03396637763896676,-0.00010644280339376144,0.5774020370862814,-2.992759305852636,3.017402512329182,0.5774005432444598,4.2024725336505,-0.03822053466549088
X214,IR,0021,1,1774.0,48000.0,,,,,,,,0.00047911319912126996,0.6042870927555593,-3.1255186412816474,3.1757090510260446,0.604285709023777,3.8701108636398684,0.023479018844394982,0.0002788578167048729,0.19347530665457785,-1.021229970592386,1.055710029407614,0.19347500377262036,4.01102427812753,0.11744444574304981
X215,IR,0021,2,1752.0,48000.0,,,,,,,,0.0007087914499104462,0.7684017681793984,-3.428610406050089,3.4070899016422183,0.7684000940340646,3.6358470628818207,0.05736203125245271,-3.034892154494324e-05,0.18913295085972615,-1.0741898922548783,0.9920664713814854,0.18913246076031093,4.061366670708129,0.06511942356940693
X217,IR,0021,3,1727.0,48000.0,,,,,,,,7.443300881184508e-05,0.4045964566300251,-1.8312379124719573,1.793871625989581,0.4045954098387301,3.5932587854619835,0.04324675218638132,0.00013368280600213064,0.19283427724435007,-1.1917891743530888,1.312290825646911,0.1928338214091706,4.583214404534594,0.01202482866873286
X135,OR,0007,0,1796.0,48000.0,,,,,,,,-0.0001962044942114396,1.250011342701499,-6.161739526584489,6.52853247341551,1.2500081028577703,6.736723053979659,0.0768553601863964,0.00011402737291643287,0.23542803773020413,-1.0624834940001895,1.0442474150907195,0.23542745224967482,3.5644737719550057,0.03628173224593871
X136,OR,0007,1,1774.0,48000.0,,,,,,,,-0.0010189641126048684,1.0589145502368855,-5.263834502932049,5.264650830401284,1.0589122829049404,6.8998815353276575,0.07278941681826062,0.00011517056448889586,0.21903673558397233,-1.0383780543597534,0.9732274001857009,0.21903619545375796,3.7423970786856664,0.024620379094455257
X137,OR,0007,2,1750.0,48000.0,,,,,,,,-0.00028312525047401594,1.021460237663366,-5.10370680272964,5.45691319727036,1.0214576168452008,6.956372747197644,0.07988726964683895,-0.00017506431963261102,0.20247783060060215,-1.0278289001434961,1.052603827129231,0.2024773789952458,4.026190158162779,0.03423188177154428
X138,OR,0007,3,1725.0,48000.0,,,,,,,,0.00010468846918499673,0.9984338539270093,-5.262557636850259,5.1624290298164075,0.9984312593239103,7.389748637684087,0.07904380593156121,-0.0006134775708538498,0.21548541204249286,-1.0302613161030507,1.098658683896949,0.215485724154285,4.03097773996236,0.061589485521813404
X201,OR,0014,0,1796.0,48000.0,,,,,,,,0.017374359632556895,0.1494721127343102,-1.1063890073866738,1.115782069536403,0.15047811965123775,4.07884547813031,-0.03079211663841751,-0.015996431867557576,0.14526286080092587,-1.0896255375777848,1.098876280604033,0.14614059893802625,4.0863192113896565,0.02719148784586009
X202,OR,0014,1,1772.0,48000.0,,,,,,,,0.000297257102751543,0.13504864786828663,-0.6131600254837869,0.623511974516213,0.13504862332707884,3.111989369845924,-0.008889147641345265,0.0006958207175714232,0.10186331980544003,-0.544845988051368,0.49783583013045024,0.10186543106413362,2.8033411102899706,-0.011773555100142871
X203,OR,0014,2,1749.0,48000.0,,,,,,,,0.00039719386120634447,0.15349253884915487,-1.8747289415041783,1.8891098277265908,0.15349265303981294,9.065371668575846,-0.01370201068770741,-6.723337733181365e-05,0.09148241170219298,-0.40255067190005905,0.4354984190090318,0.09148219817248626,2.9386036482351177,-0.011794324424914272
X204,OR,0014,3,1723.0,48000.0,,,,,,,,-0.0009412005570532439,0.15217013564094314,-0.684583720826284,0.6858107407121775,0.15217265009391837,3.008944262891843,0.010012881961766642,0.0011367634870102239,0.09571763597917907,-0.4345995970148837,0.40858585753057075,0.09572413671909921,3.011061417158238,-0.01848827979928207
X238,OR,0021,0,1796.0,48000.0,,,,,,,,-8.312093210555956e-05,0.6685670276309194,-7.276240051029328,7.676813282304005,0.6685652917357859,20.765251352669782,-0.20868103265245094,0.00019925654098188673,0.6594551657401898,-7.165993989650095,7.560497929541824,0.6594534785098792,21.069282880223128,-0.18700050178620528
X239,OR,0021,1,1771.0,48000.0,,,,,,,,-0.0003288009462652913,0.6140735990553537,-6.167739623210154,6.653575043456511,0.6140720879304551,20.537636459881085,-0.3214206218006222,-0.00013670081863065617,0.21962413461412997,-2.0269502211027213,2.8357102839477837,0.21962360521903906,15.742531909340835,0.39097824777363893
X240,OR,0021,2,1747.0,48000.0,,,,,,,,0.0004947513861973192,0.6126774792092894,-6.94180948401658,7.177411849316753,0.6126760834550856,21.377625652331055,-0.34790767020230906,0.00015189222829953015,0.2224624243974503,-2.066415704538851,2.605947123743977,0.22246189692185528,14.566840652254418,0.2917994991318509
X241,OR,0021,3,1719.0,48000.0,,,,,,,,0.00033964542927776375,0.590898481770774,-6.128102520334611,6.630612146332055,0.590897040584116,20.035423569977336,-0.2396003353419931,-0.0009660907374198792,0.23888110300668217,-2.440123439809389,2.7649084793825294,0.2388824344645793,13.935048429423903,0.20551094502512685
X161,OR,0007,0,1796.0,48000.0,,,,,,,,9.403269283501237e-18,0.2108764718384892,-1.392106129080485,1.3580704863041304,0.21087566058012194,5.494021735934966,0.02572711976891588,-4.974985493015189e-18,0.14633023471164855,-0.8252924359025473,0.7680075640974526,0.14632967176773043,3.710192329365153,-0.05224913845728055
X162,OR,0007,1,1772.0,48000.0,,,,,,,,-0.0006451102869514145,0.2663396458587498,-2.198474472575413,2.241903988963048,0.26633973353765744,10.882459617175996,0.03405396200483793,0.0006468744203703254,0.16555954539752912,-1.164841841375084,1.2757527040794612,0.16556037798497533,5.215390186731879,0.007864495552273473
X163,OR,0007,2,1749.0,48000.0,,,,,,,,0.0015150069914979221,0.2613525549458293,-2.064793451027733,2.1454822412799595,0.2613562654057979,11.284925611614257,0.03893743385085727,-0.0005593115492209927,0.15607058634318138,-1.005581928982933,0.952399889198885,0.1560711821131139,4.566291052503827,-0.0009623010630674982
X164,OR,0007,3,1723.0,48000.0,,,,,,,,-0.00025805477484823475,0.24174792735993766,-2.0241478046113865,2.060541426157844,0.2417474355383348,10.348585170761517,0.02210632437466325,0.00021860446996091525,0.1510115564225873,-0.8844648587876148,0.9703787775760213,0.1510113213891602,3.863846997988906,0.023513046469440572
X262,OR,0021,0,1796.0,48000.0,,,,,,,,-2.3077167957033948e-17,0.593629929594926,-5.391619766371248,5.6768949002954185,0.5936276560000826,25.6428165714619,0.1538197125172347,9.11656988868676e-18,0.13995926478146822,-1.3290049418713559,1.3158114217650076,0.13995872873932003,9.351068003679623,0.15360681539652574
X263,OR,0021,1,1771.0,48000.0,,,,,,,,-0.0009650066451804505,0.5425504026327616,-4.755768682034069,5.145881984632598,0.5425498479447802,22.70003111764637,0.15594704201080553,-5.395259097596669e-05,0.13565241044872833,-1.2286740337936273,1.177609602570009,0.1356520679160044,9.173022740171135,0.09112402675232846
X264,OR,0021,2,1746.0,48000.0,,,,,,,,0.0005199337528909758,0.4767170623952266,-4.64010967960822,5.1822476537251125,0.47671610447770285,22.56732801551914,0.17417208517597335,-0.00012003018862898049,0.13453823250226166,-1.1612270372246138,1.34120932641175,0.13453793568526973,8.70487062397093,0.005536099556332034
X265,OR,0021,3,1718.0,48000.0,,,,,,,,-7.391115192767929e-05,0.41815524199802273,-4.103376315832484,4.067175684167516,0.4181541595827727,21.138094910983074,0.15823431915805597,0.0007095057393493434,0.14124094263020567,-1.2360567101508022,1.1587214716673797,0.1412423568636596,6.6851770894955225,0.015631295649187707
X148,OR,0007,0,1797.0,48000.0,,,,,,,,1.49690589346099e-17,0.3989735862496954,-1.9518746248745236,1.8912379905100916,0.39897198525458,4.158709042652937,0.07866254018089612,2.4449462926529505e-18,0.1748863771623132,-0.7712426389624565,0.7394646337648162,0.17488567538092906,3.105413496321192,-0.008822513102410508
X149,OR,0007,1,1773.0,48000.0,,,,,,,,-0.0005032378850960709,0.45571010280246294,-2.151137436317788,2.169287179066827,0.45570919391775977,4.100754988745817,0.05573772907335208,0.00029177293432731147,0.1985723527564313,-0.9966189618668091,1.0492974017695547,0.19857204999945496,3.3050420973679877,0.057940546576657474
X150,OR,0007,2,1750.0,48000.0,,,,,,,,0.0005031150748712417,0.44435656875804413,-2.014745717078975,2.050125052151794,0.44435569640031425,4.352056186370923,0.06262322804242129,0.0006786084136003267,0.19584578714325002,-0.9440799083951117,0.9639764552412519,0.19584645282090832,3.284348904677309,0.09544353849693306
X151,OR,0007,3,1724.0,48000.0,,,,,,,,8.777241011930267e-05,0.44444510115819463,-1.9732510330129576,2.1552474285255037,0.4444439524145752,4.11644242867303,0.04757089162126354,-0.00013078728693695436,0.19965842580857115,-0.9126744091051188,1.0377055908948811,0.19965794870062908,3.4229239204437802,-0.00880335170551389
X250,OR,0021,0,1796.0,48000.0,,,,,,,,4.138431115473952e-18,0.41308217953056076,-3.255715248362,2.7092300849713333,0.4130805742400648,8.355763108291153,-0.2453469915198397,1.6567530737510399e-18,0.22860709955691444,-1.3159157353785478,1.2849561838133714,0.2286062111603134,4.53294047332228,0.026678344369105052
X251,OR,0021,1,1770.0,48000.0,,,,,,,,-0.00034093692513266244,0.7620084183837652,-5.821195998619577,4.986902668047089,0.7620065102552556,7.3772231624600995,0.05310839794393939,0.000100838685702977,0.22827589210875007,-1.7127110405961785,1.2617690604139224,0.22827531991182498,5.693898702992917,-0.17454569444201673
X252,OR,0021,2,1746.0,48000.0,,,,,,,,0.0003759355255226679,0.7154171517581479,-5.060689119391144,4.730785547275523,0.7154153874632794,7.3123938775307185,0.04827876323121606,0.00042980451977317214,0.23470213650648072,-1.7506596830843935,1.19422769065298,0.23470191884836927,5.5807153781120205,-0.19777616776660709
X253,OR,0021,3,1719.0,48000.0,,,,,,,,-0.00024112895381935787,0.6743140162717505,-4.8690660919399305,4.565171241393403,0.6743123033563218,7.371174352523042,-0.08284234871664216,0.0007802349495462148,0.21911683626483563,-1.6669710549673307,1.2224299551336792,0.21911765478347117,5.962269379641865,-0.23522215680413922
X097,N,0,0,1796.0,48000.0,,,,,,,,1.4564002651495467e-20,0.0726872476712758,-0.29919574966148393,0.29869594264620836,0.0726870986839877,2.7642625548671025,-0.03541096076740883,2.038960371209365e-18,0.07864556978664579,-0.2775103597709999,0.3261150947744546,0.07864540858656546,2.7601232369664483,0.13799962057961657
X098,N,0,1,1772.0,48000.0,,,,,,,,-0.00018027381884835493,0.06525047769884161,-0.32048041014577144,0.25154297446961316,0.06525064176705161,2.926459220568451,-0.16953717167126403,-3.06545295097663e-05,0.06737006386596882,-0.2478970742596234,0.2895720166494675,0.06736998311865028,2.8780542561200018,0.1265466617115349
X099,N,0,2,1750.0,48000.0,,,,,,,,-8.675588695550831e-05,0.06308626882241977,-0.33916090887734013,0.34697509112265984,0.06308624633194383,2.9211198568895793,-0.1682537194651891,-0.00020854547658348443,0.06504889712684384,-0.276247949179235,0.279712050820765,0.06504914672361513,2.8676990081205993,0.1265756834978771
X100,N,0,3,1725.0,48000.0,,,,,,,,-0.00038804708351276786,0.06471619156754928,-0.3189145142229359,0.2712584088539872,0.06471727068421393,2.9564022831356223,-0.12938829273300217,0.0001908275521809356,0.07532085844387272,-0.33329828871675843,0.3529198931014234,0.07532100210323583,2.9922262637665424,0.015390906530695152
